run,timestamp,controller,goal_x,goal_y,goal_yaw_deg,status,time_to_goal_s,num_recoveries,final_x,final_y,final_yaw_deg,xy_error_m,yaw_error_deg,planned_path_length_m,executed_path_length_m,path_length_ratio,mean_linear_vel,max_linear_vel,mean_linear_accel,max_linear_accel,mean_angular_vel,max_angular_vel,mean_tracking_error_m,max_tracking_error_m
1,2026-06-20 20:36:26,dwb,1.696,0.143,83.7,SUCCEEDED,21.96,0,1.719,-0.19,75.4,0.334,8.3,4.555,4.077,0.895,0.187,0.22,0.121,2.501,0.173,1.0,0.039,0.123
2,2026-06-20 20:37:50,dwb,-1.029,-0.61,175.6,SUCCEEDED,55.17,4,-0.729,-0.564,179.2,0.304,3.6,4.824,2.841,0.589,0.052,0.22,0.041,2.502,0.13,1.0,0.591,1.156
3,2026-06-20 20:39:01,dwb,0.474,1.683,95.4,SUCCEEDED,37.98,1,0.52,1.682,120.0,0.046,24.6,3.469,3.29,0.949,0.087,0.22,0.09,2.506,0.369,1.0,0.062,0.23
4,2026-06-20 20:39:50,dwb,0.563,-1.648,-79.0,SUCCEEDED,42.48,1,0.56,-1.695,-104.6,0.047,25.6,5.028,5.505,1.095,0.129,0.22,0.068,2.501,0.339,1.0,0.084,0.243
1,2026-06-20 20:54:09,custom_dwa,1.717,0.048,-0.3,SUCCEEDED,46.08,1,1.742,0.044,14.8,0.025,15.1,4.48,4.897,1.093,0.107,0.22,0.128,2.503,0.403,1.0,0.117,0.46
2,2026-06-20 20:55:47,custom_dwa,-0.535,-0.602,179.7,SUCCEEDED,30.23,3,-0.097,-0.612,178.3,0.438,1.4,4.949,3.834,0.775,0.127,0.22,0.128,2.643,0.239,1.0,0.491,1.126
3,2026-06-20 20:56:22,custom_dwa,-0.082,1.812,89.7,SUCCEEDED,25.36,0,-0.089,1.84,64.9,0.028,24.8,2.942,2.922,0.994,0.116,0.22,0.096,2.503,0.331,1.0,0.06,0.151
4,2026-06-20 20:56:51,custom_dwa,0.543,-1.417,-78.4,SUCCEEDED,27.26,0,0.498,-1.052,-71.1,0.368,7.3,5.244,4.567,0.871,0.167,0.22,0.132,2.503,0.474,1.0,0.182,0.778
5,2026-06-20 20:57:29,custom_dwa,-1.674,-1.311,92.9,SUCCEEDED,25.87,0,-1.635,-1.327,115.8,0.042,22.9,3.89,3.599,0.925,0.13,0.22,0.075,2.501,0.156,0.538,0.054,0.21
